Image,PSNR_Gaussian,PSNR_Median,PSNR_Bilateral
100_img_.png,28.182182539151285,28.74276322965088,29.048831599168135
10139.png,30.22173097066681,33.90207584445482,30.613963578184737
10151.png,29.891088741817306,32.34366836503728,30.002031679381503
101_img_.png,30.03021327408492,34.06272234594911,30.472770194188477
102_img_.png,29.92254855273528,32.75323957693083,30.26726688420917
104_img_.png,30.296948088125607,34.511383089612984,30.740131992143915
105_img_.png,30.040472670808963,33.46638890273552,30.424925923821217
106_img_.png,26.33113870128746,24.96948851134752,28.027883832458443
107_img_.png,30.494596274355622,35.99900453494331,31.056983493620628
108_img_.png,29.727841140518976,32.66804152914969,30.924399896849316
10909.png,30.244618693937866,34.00005006080248,30.622593918934506
10945.png,30.568402524250743,36.80455417299437,31.27013637097747
109_img_.png,28.95943113089765,30.101578798250856,29.365894263378234
10_img_.png,30.223546798653214,34.89097091279306,30.870098504258966
11052.png,29.871322158491136,31.90531613087711,29.961077949002494
11064.png,29.974740700959387,32.626218737490944,30.347764661310684
111_img_.png,30.224814587986373,34.109555347041905,30.62435832273347
112_img_.png,30.428887824541473,35.79737895950356,31.14463100940767
11374.png,29.21077776464231,30.017696204880856,29.592036778918647
11398.png,29.74545452468629,31.80256044991834,30.019717156399494
113_img_.png,30.43916186141695,35.92971825543435,31.077008879551038
114_img_.png,24.881278518911067,22.996080790715766,29.06833006898678
115_img_.png,28.179707647491913,28.523397975973815,29.717896549005314
116_img_.png,28.72386487513243,28.786823867870773,29.08882231273852
117_img_.png,28.460204629606732,28.55739787980301,28.52873325352678
118_img_.png,29.58261346569049,31.307048692606227,29.59191530263315
11_img_.png,28.446783546700406,29.019969047458027,29.25569761169511
120_img_.png,29.907441723188267,32.472372802278116,30.013760233298413
121_img_.png,28.23211621143509,28.092816306695248,29.349242376931052
1225.png,28.30777825879444,27.73036100051954,29.276431580411874
12290.png,30.550235835541496,36.49704230089049,31.307820231202513
12299.png,30.370142016499585,34.505579430282836,30.92927418496113
122_img_.png,29.84605601697735,32.37655118653318,29.984785547349453
12324.png,29.69958264951781,31.3822468309089,30.404458938964332
12336.png,30.364501943540358,34.02618927109542,30.744476402938567
12348.png,30.597484170373363,36.51400163549375,31.27095504745849
123_img_.png,28.37322352641044,28.509639752029482,28.506279623750178
12422.png,30.53950554277275,36.43915683343386,31.226302800107465
12433.png,29.81546159265585,31.673293113219245,30.134676523250803
12445.png,28.780450754344823,28.982838886577163,29.71940031094217
124_img_.png,29.482414606666467,31.244974413840254,29.660161080138586
125_img_.png,27.586904336863114,27.095170757935296,28.021260170014315
12900.png,30.367449250987505,34.55676782492738,30.793391242685743
129_img_.png,29.86779291271841,32.598633402332425,29.617721868815746
130_img_.png,29.33801290570618,30.648567146522048,29.316783038745776
131_img_.png,29.92881282539335,32.81154093635312,30.155348250123993
133_img_.png,29.363440714264787,30.577807570701893,29.26594164515891
135_img_.png,29.638949502715327,31.73927520689198,29.71970882341386
136_img_.png,29.51515836608232,31.696957107339507,30.182871167952232
137_img_.png,29.332119374261538,30.66280204113568,29.36223470816199
138_img_.png,30.09969514692503,33.57233116454197,30.376457726056106
139_img_.png,30.44424053783014,36.0597524427311,30.911178033714176
13_img_.png,29.183857718674652,30.61675509766736,29.54615580126663
1407.png,29.90086167469807,31.899166575233107,30.168950900317512
140_img_.png,29.834261487503895,32.85608331065758,30.281919608949867
141_img_.png,29.36227575605285,30.711119084851926,29.303820795501313
142_img_.png,30.551692835115997,36.68672067925143,31.22524463134528
143_img_.png,29.292536195310337,31.241729816996106,29.84759052610178
144_img_.png,29.379387302742465,30.912781422081107,29.252328550506093
145_img_.png,29.554237724989363,31.3320036871669,29.46036050288676
146_img_.png,28.98927652731453,30.44175789923525,28.916180106158727
148_img_.png,29.250834329630578,30.43622282398791,29.159816716188214
1491.png,30.264609187159003,34.15106631594074,30.694913319006275
149_img_.png,29.387023889380725,31.17127870656796,30.247125150988296
14_img_.png,29.174602735584433,30.803436385462753,30.043742748799023
15001.png,30.060310080416173,33.93375014949723,31.060020431689974
15003.png,30.23780512157487,34.824422634454706,31.203973804562345
15045.png,30.116109750813287,32.50551265176383,30.005387877534826
15094.png,29.986880155678953,32.056351659235396,29.992848821337542
150_img_.png,29.395831589417195,30.99919473376234,29.43882450715357
15113.png,30.483432911777836,35.30151186308269,30.980206932732422
15136.png,30.453630837323335,34.977361681429954,30.887145649310995
151_img_.png,29.962348269482963,33.02951127744448,30.215013391946016
152_img_.png,29.094462043867235,30.386888519281715,29.841444263413766
1539.png,29.59902395009703,31.15983083074902,29.94351222398545
153_img_.png,29.571169818173964,31.72479361942035,30.005095855523606
15418.png,30.538048111517938,37.0126250192033,31.43209751800037
15426.png,30.610342511819887,37.26731834942265,31.530008353009194
154_img_.png,28.647045280279283,29.152156687331903,28.82311305408658
15544.png,29.41572966784687,31.22077694172303,30.928657778347205
155_img_.png,27.460725246219226,26.961295704344096,28.565459872673273
156_img_.png,27.478345199124213,27.022928699270317,28.10764662924211
15704.png,30.532115577877338,36.03340363426468,31.122213470159814
1573.png,30.156538602319234,34.985812851777624,31.061013860149988
157_img_.png,28.975472476929845,29.945719299623196,29.25735042425351
158_img_.png,27.245603719441668,26.725917645737304,28.049219745454707
159_img_.png,29.27365425649348,30.544045465272465,29.287477094621547
15_img_.png,25.176478449175153,23.866606571121686,27.64415047256135
160_img_.png,29.545294681303886,31.124589202163413,29.691732808153017
161_img_.png,26.81443602545228,25.830904420993143,27.48396462859496
162_img_.png,27.49473133896295,27.016684512694916,27.964582187266977
163_img_.png,25.20072719068365,23.671248815780487,26.845155727108683
164_img_.png,28.387505907494557,28.642920196734714,28.862438125212428
165_img_.png,28.29200265713937,28.634632178644935,28.933693157069584
1660.png,30.39335808522467,34.913596545181264,30.812965631587836
166_img_.png,27.691268983704692,27.38122277888322,27.963312358207908
168_img_.png,30.26382474149013,35.17708153917052,30.92358487005182
169_img_.png,26.416076117723474,24.81363473452067,27.240242450798476
16_img_.png,29.610322824801727,30.992296556631356,29.519917238273194
170_img_.png,29.59106686661443,31.772407121703043,29.74591959195045
171_img_.png,30.134367754139255,32.966042510181424,30.34403117257817
172_img_.png,25.353436337110374,23.72539030821941,26.849774168118685
173_img_.png,29.080196596750664,30.723750415104988,29.99788535850427
1742.png,30.358178557199366,34.625783120696,30.75138934727677
174_img_.png,30.38525198685681,34.9872024282871,30.946849256662237
175_img_.png,30.576900609823507,35.80180796444415,31.091382359682566
176_img_.png,23.51218664940768,22.274351987752446,27.260967986496695
177_img_.png,27.551269706216296,27.567322213790963,28.760670034613973
178_img_.png,30.014069585021655,32.668257712226165,30.060331709245954
179_img_.png,28.97815442544792,29.52861369995165,28.651931879336004
17_img_.png,26.543279495690562,25.286861832474983,27.54593579083619
180_img_.png,28.889243495244322,29.59420991801686,28.86472621467351
182_img_.png,25.36851628321205,24.476623311560502,27.694005351529572
183_img_.png,29.427946690013872,30.831816819312508,29.441258694734174
184_img_.png,29.982087464675757,33.61654477157039,30.68838812685756
185_img_.png,27.43932613022924,26.66419901771968,27.34358973958993
186_img_.png,27.974517226673292,28.46725977514629,29.11818223260553
187_img_.png,29.308943147565692,30.482136614281,29.359076498140382
188_img_.png,27.432395893499354,26.559875704432365,27.657700568608877
189_img_.png,30.14440918435019,34.232707772185705,31.201120259315708
18_img_.png,29.964089921993384,32.77689208263231,30.175600305873743
190_img_.png,28.829267511739594,28.979109960856782,28.48246024730927
191_img_.png,28.862764618562068,29.452185407193234,29.017532430082007
192_img_.png,26.88918018387215,26.090481996585208,27.60455941750379
193_img_.png,26.056361881951794,25.191584947592567,28.47771605197162
194_img_.png,28.276521811637984,28.082684005053657,27.997718549078023
1957.png,30.075751983976843,32.59065986157533,30.17765298680605
195_img_.png,29.18425174122763,30.12514239727144,29.18481051706484
196_img_.png,27.639697730929242,27.044773386762255,27.645009206641177
197_img_.png,28.454568268541255,28.703974459871628,28.967375873296646
198_img_.png,28.349102549338454,28.363883677073424,28.40984041745319
199_img_.png,28.8597943441207,29.53530806809256,29.34097002080319
19_img_.png,26.67424065776666,25.724857315118975,27.089867540434852
20.png,28.91072235304547,28.637680486503683,28.77838019450584
200_img_.png,26.726746314105903,25.4756948363002,27.514514243745687
201_img_.png,25.994356845741045,24.75994169596928,27.549917786868857
202_img_.png,29.446898966959512,30.354729578185143,29.216457884603027
203_img_.png,29.05089542278207,31.16677397131674,29.961711583786578
204_img_.png,30.118825210394608,33.26456776128191,30.34042193202888
205_img_.png,29.982447065207396,32.68331774037421,30.15630570451529
206_img_.png,27.366631596777566,26.57159375225916,27.620397942630504
207_img_.png,27.439061863378967,26.67916598688548,27.72466926591782
208_img_.png,30.144282415769368,32.74373312014869,29.959705074776718
209_img_.png,27.880470154124342,27.41822671499216,28.050776235507847
210_img_.png,28.576848356955562,28.721672646388058,28.653076223777305
211_img_.png,26.890301643484854,25.793775501402347,27.480367597997557
212_img_.png,26.04512738719106,24.404616398632804,26.78231909924535
213_img_.png,28.926199628471146,29.881381425500603,29.43091967599991
214_img_.png,29.039225259312076,29.970246826356277,29.33115705175133
215_img_.png,27.765171191786205,26.992798176591428,27.89984059272332
216_img_.png,27.7029705709747,26.770522387892825,27.689965599801138
217_img_.png,28.45490147784934,28.190856902088406,28.032659834200665
219_img_.png,24.92721241576246,23.070818026109198,25.801739523565203
220_img_.png,25.865012578245118,24.3442553876935,27.246662682091028
221_img_.png,26.820106721236698,26.289829039941317,27.407841876697834
222_img_.png,29.82945231764579,32.88079703984926,30.68587489661885
223_img_.png,27.365709874234255,26.61252402731214,28.434854699417077
224_img_.png,27.933623018477974,27.51158912083138,28.67719533085583
225_img_.png,20.465531971678477,18.2707257974335,27.892148723153163
226_img_.png,29.537694077857417,31.428488768138024,29.76942094861397
227_img_.png,27.24775111539545,27.76284293151837,29.31392288572523
228_img_.png,28.723596929967044,29.467714771251842,29.492834759603625
229_img_.png,30.002913532466305,33.123730007417976,30.419540393869426
22_img_.png,30.36813351987396,34.13913451928578,30.49171416759192
230_img_.png,25.411994743751357,23.740436481252818,26.83371853702168
231_img_.png,29.893385061710916,32.721851424217924,30.277244848520695
232_img_.png,29.398951085677613,30.94849859123355,29.59717928230316
233_img_.png,28.646250970205003,29.20360631592828,29.106148322888888
234_img_.png,25.832787840869855,24.074227105085487,26.579459553293727
236_img_.png,28.669470727055803,29.10968117887629,28.902317843317277
238_img_.png,29.91964647068869,32.94303349026502,30.24965418084056
23_img_.png,30.018488776452642,32.50169179721799,30.08489165579008
240_img_.png,30.33358675423029,33.77588693384333,30.606444423045993
241_img_.png,29.992756960269325,33.169279327824476,30.394322951673672
242_img_.png,27.64090802258481,26.902479521018712,27.657930935065103
243_img_.png,28.973352208110775,29.815694113278674,29.152079423135614
244_img_.png,25.31646530657899,24.232542286003373,28.681623067425825
245_img_.png,29.192134703208584,30.48898526596085,29.404966090379254
246_img_.png,26.67212046172654,26.036448856041908,28.36489645930975
247_img_.png,27.99738649246801,27.65636433765102,28.214629767549457
248_img_.png,30.337340352734667,35.09496278508571,30.930160607942625
24_img_.png,30.507000420404587,35.17586756652558,30.946609710394192
251_img_.png,27.192496081648084,26.189373007185004,27.58970024254532
252_img_.png,29.09666564471238,29.99520176835164,29.336624334751427
253_img_.png,26.45520789942523,25.112863217205184,27.19475519909848
2546.png,29.240756712977102,29.68484786845488,29.652426210754456
254_img_.png,30.46721967945071,35.847555407664586,31.12830970458107
255_img_.png,30.592948324747358,37.544983280821086,31.426712056211507
257_img_.png,30.08635654786726,32.46716214337342,29.87286613436497
258_img_.png,27.624689794903677,27.769665666312292,29.24437887657379
259_img_.png,23.604436612512757,22.28127148681939,27.74351457104295
25_img_.png,30.315979470095172,34.03176062958762,30.571979984949905
260_img_.png,28.903712417426718,30.103471937659123,30.07483089957994
261_img_.png,28.45215368269239,28.529972567447388,28.74785086286526
2629.png,30.358858743077395,34.576622050434146,30.873685671726598
262_img_.png,29.58725306315952,31.495875463370066,29.767679232692288
263_img_.png,29.90563093543317,32.74246359689704,30.388365322508864
265_img_.png,29.819085958114396,32.34969683560129,30.08024606046557
266_img_.png,27.953828235178836,27.614113528175753,28.39987385417636
2677.png,30.521241802367292,35.60997510812178,30.948488854021853
267_img_.png,30.078618884457594,33.28617410525855,30.45909793967846
268_img_.png,30.308106394376303,35.28640409836676,31.02920317877326
26_img_.png,30.46017850550861,35.13111667439582,30.89768231311
2701.png,29.975278997796583,32.726174113168696,30.238199394584328
270_img_.png,29.55812029766868,30.985531438307248,29.443458797559448
271_img_.png,27.22187995088658,26.216769005463448,27.331988206749557
272_img_.png,30.24340178521998,34.24779622416126,30.664318560726805
273_img_.png,30.037333918105155,32.70683771126489,30.01776817148243
274_img_.png,28.993193558987524,30.609788521698672,29.549715711910363
275_img_.png,27.44139689770798,26.65936501502121,27.959567432442828
276_img_.png,30.239723465801326,34.043479165010396,30.601244368335244
2774.png,30.397513358614724,35.244867880429304,31.0697872536468
277_img_.png,29.814494854320188,31.897855533470146,29.97987337507185
2787.png,30.444597528387977,35.61598280375894,31.172863154344498
278_img_.png,28.314959181736082,28.03756463007971,28.98994803448337
279_img_.png,29.17440472023816,30.544565591897953,30.125946521559285
27_img_.png,30.387920897437613,34.41482166555027,30.63984506069589
280_img_.png,30.589655008779104,36.52589815239918,31.255850070189055
281_img_.png,29.726257842413936,31.953312124617185,29.914391616273768
282_img_.png,26.253524390503607,25.670316975822555,28.083206664970053
284_img_.png,28.261138581337384,28.80102168666669,29.649181017898385
285_img_.png,29.796457218798828,33.256564803856826,30.39071974294584
287_img_.png,28.222150083581695,28.83255414150527,28.872410898938334
2882.png,30.234073995657425,33.391484728514754,30.349751111483894
288_img_.png,28.050473775904617,28.69305711814181,29.070643899684857
28_img_.png,28.393746752847125,28.46192134292,28.525277537850787
290_img_.png,27.34524453427695,27.037720961843263,28.931260362440675
292_img_.png,28.09428493564851,29.050347751862134,30.06252617890589
293_img_.png,26.842648624410074,27.133398203823905,28.54226915315554
294_img_.png,24.42913991594495,23.657726302750746,28.47007066061831
295_img_.png,23.21218615761463,22.028294142262368,27.891140026137332
296_img_.png,30.226852828257144,33.91358015476444,30.46258752450604
2977.png,29.226510615895343,29.94654525280434,29.65731506745736
298_img_.png,29.061586485765947,30.37978383151682,29.76402817695697
299_img_.png,29.032825983146825,31.292661510092806,30.705357660617423
29_img_.png,25.549058955990436,25.0717028544448,28.093095451845155
2_img_.png,24.04548527058667,22.942406497384752,27.74946891865634
3001.png,30.060294330384806,33.159648330204426,30.637205937112864
300_img_.png,28.044638915471488,28.195407857347448,29.2125651247999
3015.png,30.000044279724346,32.41129562896484,30.359046635459414
301_img_.png,29.014084174932346,30.536986081007736,29.525245777127388
302_img_.png,29.1942293921525,31.091584407862968,29.919994552003043
303_img_.png,27.68759152337438,27.93330071364927,29.140758903530042
304_img_.png,25.624064247296783,24.873508282691013,27.51243142430659
305_img_.png,25.47570876105926,24.937328103061866,28.74239755016575
306_img_.png,27.776038474520725,27.71674228247235,29.258629879396274
307_img_.png,28.954538626569175,30.20168167295094,29.599997743703508
30_img_.png,27.01697173797992,26.28834077622219,28.29595762889636
31.png,29.83073232875434,31.760142297055957,30.09958142183447
311_img_.png,26.257018121035212,25.35596072667145,27.465667317154647
312_img_.png,25.922200977648806,25.327456156810126,28.44609080434534
313_img_.png,26.775092132937395,26.273948948101268,28.744440047987773
314_img_.png,28.618623179363084,29.116889719153328,29.21228991046689
315_img_.png,23.882838127211762,22.228936566223556,27.41235761791328
316_img_.png,25.547008909141944,24.9147950923782,28.087463416277593
317_img_.png,25.557133319314612,25.24791021764362,28.972488145424457
318_img_.png,27.072771439358778,26.96284842857384,28.669251313778158
3196.png,30.1040515191946,33.17102689045998,30.618560544863612
319_img_.png,27.412288017343798,27.423472173682274,28.658174847098042
3202.png,30.515013118856228,36.33175885747122,31.28177587721993
320_img_.png,22.413059429352376,20.94374278094113,27.967970781649868
322_img_.png,25.678686636768482,25.49832528268249,28.00665809513234
323_img_.png,27.885305498321756,28.234863975636525,29.042896255993202
324_img_.png,25.095417181928575,24.462732389229643,28.09245534433172
325_img_.png,26.565496464721914,26.47147667709421,28.591434851448334
326_img_.png,25.951182516373894,25.59509323904535,28.714160842326496
327_img_.png,28.77120783628576,29.779917093828267,29.78707736529397
328_img_.png,30.363985627568724,34.49366148280593,30.654212520825578
32_img_.png,28.022601998647062,28.282573007042725,28.85835743364991
330_img_.png,28.768749035673203,30.356419822277026,30.92740002396473
332_img_.png,27.263292533024167,27.16161511038691,29.180834378617185
3330.png,30.538269321450244,36.78657334898157,31.268408963180224
334_img_.png,24.583427081227725,23.68176271221062,28.15978198685647
336_img_.png,25.57793653980024,25.087399576007936,28.902737511730262
337_img_.png,27.677119904196573,28.29507418254898,29.16742457057825
338_img_.png,27.160052974345593,26.867260470382973,29.215150786477775
340_img_.png,28.837100983260484,30.014045696072596,29.479651400522506
341_img_.png,27.404730328476692,27.457311900479176,29.472994221529465
342_img_.png,29.52745554491836,31.45968431646187,29.385874529920436
343_img_.png,27.5103302221926,27.635260846378888,28.838947865560115
345_img_.png,30.170094284267076,34.44586904020845,30.771646679733067
346_img_.png,24.471176495790598,23.555725328952526,27.37269606069448
347_img_.png,27.467800379326285,27.26312848003095,28.634499700015354
348_img_.png,29.06692353833257,30.875722099773423,30.075213101167964
35.png,28.159210810735047,27.24089395429635,28.47679807854636
350_img_.png,26.253422153530014,26.112465875615204,28.511994249875535
351_img_.png,24.447386949277924,23.50135205303905,27.70087049151278
353_img_.png,26.99745716483171,26.27065780968409,27.730539307079297
355_img_.png,29.841282360682506,33.09540465749486,30.56418510419867
356_img_.png,26.775751598618783,26.730559065546203,29.047478192027878
359_img_.png,26.448362831946515,26.283524946624446,29.053751737873846
360_img_.png,29.958435107497174,33.66583226327852,30.562885586953637
361_img_.png,29.412846934153528,31.655165250574342,30.13862746190037
362_img_.png,29.815513154249377,32.986351486218304,30.309165824272505
363_img_.png,29.11239039180023,31.039955841992185,30.14855834009318
364_img_.png,29.655722112717736,32.07754717202783,30.67662937753367
3650.png,30.267682042221132,34.85610930216263,30.963001277894424
365_img_.png,24.740459893730247,23.988975467822517,27.389922961173596
366_img_.png,25.662631262258962,24.591179850528345,27.87343695876053
367_img_.png,25.881148060091558,25.408502694782594,28.022910638133602
369_img_.png,29.914767684497935,32.13393651468987,30.594286687499242
370_img_.png,29.737437698071997,31.391743057300733,29.956035723600046
371_img_.png,30.538880291269408,36.59379380595704,31.42392613206826
3728.png,30.093042506511534,33.605212139524944,30.83346301245254
372_img_.png,30.51225070609049,36.20316450876789,31.237611037582084
373_img_.png,29.972764091691833,32.928213516601154,30.742657764284935
374_img_.png,30.487030668177738,36.41088655441182,31.409276287010922
375_img_.png,29.922962005062722,32.43582354700929,30.489826159836127
376_img_.png,29.743390129811566,31.637128054111585,30.114367422320356
377_img_.png,30.328107041190933,34.275105403839476,30.734600424627377
378_img_.png,29.033549911256138,28.826780225507584,29.18555874738305
379_img_.png,30.50867496973101,35.00453423786919,30.896375285962016
37_img_.png,27.615441549682807,26.62295138042786,27.68651155974883
380_img_.png,30.58890948283888,36.976485959450635,31.348943378762847
381_img_.png,28.912879330537958,29.907927914941336,29.240243549604482
382_img_.png,29.78211668639997,32.388035996092924,30.079452099666547
383_img_.png,30.47161080277627,35.54521693260915,31.0004703893903
384_img_.png,29.977894956018826,32.954649084037456,30.36309425073574
385_img_.png,29.380740328355316,30.67894102072242,30.03028935866319
386_img_.png,28.66698600951604,28.24796768132036,28.555648583414705
387_img_.png,29.862345212325753,32.025114600027614,29.936640548291766
389_img_.png,29.509760009996402,31.3512426027544,30.338868098388044
391_img_.png,30.38486979855652,35.395012685693125,30.94231190697409
3925.png,30.407259763890366,36.45673350241179,31.334825127539204
392_img_.png,30.090518174519154,33.783039364890435,30.535539297485663
393_img_.png,30.087795464505174,32.643386813993686,30.06213255651168
3947.png,30.408992289018425,36.157418815251894,31.304561384670283
394_img_.png,28.874288193598538,29.829548466783706,29.5877412470784
395_img_.png,27.17282346952786,28.750138273194406,29.3163794513544
39_img_.png,23.342559051417414,22.048597783285864,27.289839451430204
3_img_.png,24.554350327701297,23.894482277086624,27.573625425713914
4.png,29.647733296506978,31.442428821951047,30.240407178349983
400_img_.png,27.885216078641115,28.18641945926082,29.69010588370275
401_img_.png,29.81236527648022,33.15619955599565,30.522014412473926
402_img_.png,29.934663843994684,32.77247566078623,30.28225691638695
403_img_.png,27.957067941423418,28.42204545326584,28.448711936116066
404_img_.png,29.028492257290548,32.22096944367654,29.90252109343399
405_img_.png,30.546942188087762,36.79455875489184,31.176214868959455
406_img_.png,30.291734725097548,34.68633485807133,30.811368512788498
4070.png,30.515681867409956,36.75851347527655,31.380473994243868
407_img_.png,30.527286956110167,36.42435962754255,31.12523799689141
408_img_.png,28.811109197547907,29.20980057849574,29.540107440099142
409_img_.png,26.711288462990197,25.98448443584075,27.986635376041864
410_img_.png,28.25362940043139,28.331810973868464,29.212841378082967
411_img_.png,25.420598037646,24.661789922289078,27.835159894083176
412_img_.png,28.210026202337524,28.050742744538134,28.83929608468039
413_img_.png,24.29343539338646,22.7192414538596,26.902201200409017
415_img_.png,26.325614650744026,26.29710456389745,28.15652813241708
416_img_.png,29.228626377100344,30.823143745653194,29.79839676609862
417_img_.png,29.894525779640215,32.966447229699455,30.467153903072905
418_img_.png,27.873953489187322,27.980456940159264,28.86568783898689
419_img_.png,30.122562026553318,33.69319798064913,30.448911354655763
41_img_.png,27.75883301842594,27.0248183459238,27.851867238585925
420_img_.png,29.051115410227666,30.69957931256056,29.68027267052181
421_img_.png,26.853178106042463,26.747634354332156,28.676951337290177
422_img_.png,29.23829078683214,30.394633926148195,29.877961168100086
423_img_.png,27.80589610915438,27.921208027930216,28.837552174145422
424_img_.png,23.861836229968503,22.80817607052246,28.509716425465804
425_img_.png,29.73361557208691,32.25128213383744,29.996308470748133
428_img_.png,29.36641717422045,30.878804228579643,29.873109406507197
429_img_.png,30.221595817748224,33.654530464023736,30.35567760385904
42_img_.png,27.092889305310457,26.600736802099917,28.108972669711818
432_img_.png,30.552907452424005,35.98580769123828,31.13243895404012
433_img_.png,28.328683046714307,28.703686197757815,28.98639206940445
435_img_.png,30.024579030226025,32.918616439973654,30.54729121036194
436_img_.png,29.387984588525484,30.789632333647372,29.627808801844438
437_img_.png,30.361464822050074,34.94913620038728,30.827298935185297
438_img_.png,30.293677031799685,33.77646016412677,30.433031852329066
439_img_.png,30.491019516585702,36.03664439178168,31.15563954752316
43_img_.png,26.08328920086212,25.770587110341673,28.358176072100896
440_img_.png,30.516031188436937,35.95324915165902,31.135406497429045
441_img_.png,30.281927221724054,34.261494661009586,30.578678091015203
442_img_.png,27.353820309925982,26.42842274327623,28.247939453648833
443_img_.png,27.899714096054716,27.045014313832645,27.921590868764916
444_img_.png,30.183339580905386,33.30629905421201,30.148530184589134
445_img_.png,29.548201392775727,30.97679291978352,29.346312013932558
446_img_.png,29.531387801982667,31.604478139707904,29.86687859615218
447_img_.png,30.25409063540684,34.13528221219692,30.592255058536782
448_img_.png,26.3244509886026,26.214189596894634,28.49541951239477
449_img_.png,27.91758379947353,28.527849429457653,29.15189059110332
44_img_.png,25.663760060863694,24.692451361237712,26.968559131939337
450_img_.png,28.96756898473585,30.16069387573257,29.725913094011986
451_img_.png,29.074167480228965,30.080691635093633,29.647400987507694
452_img_.png,22.320776754678672,21.363377461515466,26.963640994663507
453_img_.png,30.003127861512965,33.035875512652574,30.362675137118693
454_img_.png,30.66449353406505,37.855373818450886,31.484175199118933
455_img_.png,30.430659213328568,36.23952016519817,31.153679880442333
457_img_.png,29.39602227341993,30.207850404087594,29.2018159889829
458_img_.png,30.062410490099385,33.14525040876083,30.201716796599193
459_img_.png,26.281712824114052,24.939507775221863,28.348420821645917
45_img_.png,30.493431688289633,36.441922536358824,31.15431949655864
460_img_.png,25.87469021703337,25.348471744017345,28.336269836496704
461_img_.png,29.658439131834157,31.303876425208014,30.046595847805392
462_img_.png,30.122179339951913,32.589518852297836,30.005842780788015
463_img_.png,25.32180149017558,24.34012257851608,27.820375359064702
464_img_.png,26.981023442045394,26.534098994920747,28.224300639420406
465_img_.png,27.526537497578033,27.59829097447589,29.399943150249275
466_img_.png,25.77154013649065,24.773847599712976,28.179148849481482
467_img_.png,29.838549186246087,32.3262928281465,29.904399290758434
468_img_.png,25.966596974961867,25.19300423344204,27.659639372982458
469_img_.png,30.437208494212484,34.48257417910015,30.68196491200155
46_img_.png,28.988471367660008,30.369600398276553,29.937343358760575
470_img_.png,30.619493085617762,37.10811696251482,31.335456528421922
471_img_.png,30.3097697138594,33.87570064680663,30.507023580307987
472_img_.png,29.627641631345767,31.922131516646527,29.89074943929083
473_img_.png,29.973988525699475,33.2315905027078,30.701646824234345
476_img_.png,29.896849531029925,32.46275841136763,30.083257906097536
477_img_.png,29.69515597063576,31.554488263387523,29.633628675411163
478_img_.png,29.44266450636452,31.000344528874525,29.556636610557195
479_img_.png,30.78102323393511,36.56400765324007,31.356019399040996
480_img_.png,30.516459758962174,36.24521893061326,31.11214087602171
481_img_.png,29.28718134586377,30.856144627428826,29.31456280115226
482_img_.png,25.16120720102725,23.64137450157175,27.07979591421799
483_img_.png,24.33010347477438,22.71674574648288,27.62582185543789
484_img_.png,26.08186299884451,25.50836232862722,27.433733403723117
485_img_.png,30.453803539501806,35.672872442942925,31.17636350348544
486_img_.png,30.30802936117343,34.344525419234316,30.57914041310392
487_img_.png,28.976772250004352,29.891476787082194,29.524086309583517
488_img_.png,29.058781405740923,30.25362995422256,29.744383607812424
489_img_.png,30.149369629332426,33.24282691980736,30.421959112566306
48_img_.png,28.200834175241944,29.07728929345768,30.099873749750383
490_img_.png,27.918732503634377,27.86409534934812,28.81462471420329
491_img_.png,29.03115754625299,29.611280933646142,29.0352127306475
492_img_.png,29.604650459095975,31.090138693931074,29.56403201722459
493_img_.png,29.685680244704656,31.16883663559716,29.799997258237024
494_img_.png,30.11594642046308,33.3084124903334,30.678505766102802
495_img_.png,29.93475241024147,32.609701610592595,30.12542728216696
496_img_.png,27.55029873732053,27.49145011907816,28.9137546345316
497_img_.png,25.417099507081808,23.715712765906176,27.39613484987506
498_img_.png,29.307956923704786,31.422079104288613,30.085219315273037
499_img_.png,28.190047495867304,28.608446867767174,29.345382236683232
49_img_.png,26.77080138581623,25.645846302309497,28.030180941442104
4_img_.png,26.933709970048355,26.082839812086164,27.60923993958176
501_img_.png,30.202709914794315,33.85588363242221,30.57861460085057
502_img_.png,30.228620283955973,33.825297455874605,30.750292682263836
503_img_.png,30.167639737198535,33.81553572566149,30.756738861163054
504_img_.png,30.22568569580573,34.12569678627973,30.966054295418314
505_img_.png,30.453384909474845,35.32541369282843,30.965235788207185
506_img_.png,27.42651911958149,26.819565167810172,28.888769907812673
507_img_.png,28.628981595893187,28.906210592663506,29.026754891609038
508_img_.png,29.723829977125504,31.14200089835124,29.68898445098987
509_img_.png,29.459252759377073,30.29727512224429,29.3834190978127
50_img_.png,29.419194804106766,30.61691807717171,29.389097168451407
510_img_.png,29.768328969385266,31.820999130385665,29.874399702272196
511_img_.png,28.095648038802963,27.62784683444349,28.70402127031184
512_img_.png,25.6908126394606,24.837562737680273,28.049210512808337
513_img_.png,24.90484033495659,23.305706411805094,25.999032438460546
515_img_.png,30.505335215835295,35.954131582640365,31.05018044251053
516_img_.png,27.869295897041482,27.874711885768416,28.53750806243149
517_img_.png,24.499703812724974,23.098720078010736,27.422399646207584
518_img_.png,29.953645162556004,32.92755860481585,30.127932493063987
519_img_.png,29.887185722464867,32.78905371240104,30.113857221606022
51_img_.png,28.834718940286592,28.97148419643041,28.72484550629977
524_img_.png,24.808349591372078,23.53072297817456,29.251425189266435
526_img_.png,29.229313877361342,30.88700475343842,29.72113160651857
527_img_.png,28.12821105696193,28.05859126189577,28.619221092384073
528_img_.png,29.099557127797787,30.242371078689445,29.178397538747074
52_img_.png,28.670034159395684,28.54392226046878,28.374145813173342
530_img_.png,29.834527386335346,32.23622577248935,30.04043694000984
531_img_.png,30.6880946058804,36.20918399538884,31.24173938139746
532_img_.png,29.548351099791525,31.43242489203885,29.95201880797632
533_img_.png,29.874111606584833,32.01335047071436,29.905452754947838
534_img_.png,30.21078930055021,33.404477636143326,30.422019453075233
535_img_.png,29.769006973910862,32.313428360955534,30.633664755208887
536_img_.png,27.688380525284707,27.03924513046109,28.23253543828499
537_img_.png,27.905294818581154,27.303927545493003,28.469071125795416
538_img_.png,29.392938614288106,30.470975046737777,29.177109399980946
539.png,29.867337918478448,32.089265080150284,30.178362082596742
539_img_.png,26.60102538604679,25.28768562636546,27.752882142018706
53_img_.png,28.874029324960677,29.34750101697134,29.041945369407966
540_img_.png,29.658978240570764,31.31694346571772,29.352781089200633
541_img_.png,29.714525937889942,31.38782545860672,29.48723945040678
542_img_.png,28.41591918422194,28.298437442113148,28.71399178267164
543_img_.png,29.189944329284234,29.76217464582733,28.941549533716163
544_img_.png,30.66281806181673,37.707082689282274,31.46681834842848
545_img_.png,30.584781042680852,37.62628839569368,31.390695478413583
546_img_.png,28.419817283026745,28.520288060229284,28.639054079194786
547_img_.png,29.305833904281084,30.6038248395394,29.342918855815174
549_img_.png,30.423114715104322,35.73404897282197,30.95105088066355
550_img_.png,29.42735728106497,31.038157661139323,29.58320346476812
551_img_.png,28.641764873829338,28.578057757031704,28.4144410585392
552_img_.png,29.597279024984484,30.77490187807011,29.416128950203113
554_img_.png,28.783738556053354,29.040317835036493,28.88124118610009
5554.png,30.52597986684876,36.10919226273908,31.16944524678759
555_img_.png,29.158147074264686,29.82646334334262,29.36537184914038
556_img_.png,29.462137338637117,30.37685545430318,29.404205727260674
557.png,30.248769372543293,33.44489251057646,30.56350930785022
557_img_.png,29.100126977947028,29.950232648398107,29.40860966524347
558_img_.png,29.480667932164287,31.082531046948056,29.62831940965303
559.png,30.14877961489493,32.95971935146345,30.501727813372245
55_img_.png,27.241659281740212,26.282490313627473,27.534255641302487
560_img_.png,28.81846295936175,29.342378122831875,29.276578302318153
561_img_.png,29.074291587158374,30.123025072921447,29.2181442873615
562_img_.png,29.970707304505964,32.65873317143055,30.28662632658171
563.png,30.44563608076714,35.93997567334351,31.155462229270107
563_img_.png,30.621440111359092,37.15659129083116,31.339362950993127
564_img_.png,30.549056644344176,36.810515623717855,31.293512074529527
566_img_.png,30.200697896022206,33.30388071853707,30.41274179386923
567.png,30.51167385503137,36.379763182019296,31.25089852694419
567_img_.png,30.636433689825573,37.90719123997097,31.47910670031358
568_img_.png,30.67296398443731,37.95840574270276,31.52521883592879
569_img_.png,30.524709539267864,36.068891129085095,31.16429348430212
56_img_.png,29.47157369109125,30.66585292813995,29.381799896497284
570_img_.png,30.131339870258827,33.12424692889924,30.04378792988872
571_img_.png,30.167166654489076,33.18260110464594,30.128004053536447
572_img_.png,29.427524004060746,30.304876804956745,29.18842961459567
573_img_.png,30.55612516491213,37.15449782364792,31.326196925182987
574_img_.png,30.626173717250914,37.426554433018964,31.39336503949581
575_img_.png,30.40395689476729,34.74520342260789,30.64320668732773
576_img_.png,30.244433298855217,33.627576014830474,30.242151132042594
577_img_.png,30.636983006653548,37.1561279183353,31.335849500548242
578_img_.png,30.22565365524943,33.819568913158655,30.75804602070177
579_img_.png,30.569319560192568,36.290390097614164,31.137246448274997
57_img_.png,28.596359823981132,30.575511229083332,29.30836568530857
580_img_.png,30.60381276334415,37.16306213293715,31.327433227272664
5818.png,30.650944669781182,37.55169462895153,31.45132887977664
581_img_.png,30.46646876995103,35.48628926397741,30.963934933410037
582_img_.png,29.52521233445634,31.144863988988675,29.5767555338136
5830.png,30.681476933361147,37.877981916029086,31.510730015041837
583_img_.png,26.54988601337366,25.948571404957505,28.181380154720816
584_img_.png,30.26130816956432,33.83573292361193,30.476915132749394
585_img_.png,29.110623378048608,29.737585563220115,28.881801698457362
586_img_.png,29.950964018945857,32.445275662236895,29.85290164086131
587_img_.png,29.02424789383865,29.584843085549867,28.92238713830082
588_img_.png,28.967698087341955,29.47848353731789,28.919399173487847
589_img_.png,30.319118308240487,34.34635491623624,30.61817013606923
58_img_.png,28.500468336048893,28.24286491176835,28.299614640360065
590_img_.png,29.89719280365792,32.041324370251345,29.79096084121123
591_img_.png,29.5074108963788,30.595988960426705,29.320456242443157
592_img_.png,30.39164449465811,34.979101335890086,30.792365863599468
593_img_.png,29.16842583243581,29.96893628488168,29.24581285892721
594_img_.png,28.574510719050114,28.508787174456238,28.614109231210985
595_img_.png,29.09494326238754,29.599627966791626,28.865924602426176
596_img_.png,29.3040671481087,30.316756899651477,29.243096053387507
597_img_.png,29.774889875050327,31.617374832840657,29.610609309751254
598.png,30.146584604989858,33.33458824702698,30.459069370995266
598_img_.png,29.77834667079218,31.590923259389655,29.595151638654436
599_img_.png,29.64265741009763,31.587063246447645,29.920934813407275
59_img_.png,27.825399979688367,27.103193920566166,28.12745016422532
600_img_.png,29.188753578378698,29.98532030802636,28.928515824921522
601_img_.png,29.233090698315024,30.160911408873588,29.205995934198175
602_img_.png,29.43305426898918,30.51664373099298,29.23219982790609
603_img_.png,29.007084599059464,29.48638445460604,28.81444433174557
604_img_.png,29.51431056052087,30.832633087048826,29.35090011359283
605_img_.png,28.809500275263154,29.296720496449517,29.009820058063504
6062.png,30.97122793329817,36.04144222279965,31.66061788502652
606_img_.png,28.85769778751261,29.32540851698417,28.998778414159936
607_img_.png,30.521831742999982,36.40053460160296,31.149316674106828
6082.png,30.480954069546875,36.10300972014522,31.208126016731516
608_img_.png,30.339624759806068,34.60834502576634,30.714130784633106
609_img_.png,29.302560298485126,30.22781657506603,29.216583438634856
60_img_.png,25.485181269362926,24.48975291794792,27.924978858684813
610_img_.png,28.612083671183658,29.494004940511708,29.899439468677894
611_img_.png,26.05036135807538,25.7373430364011,27.91856476928814
612_img_.png,29.842584610421326,31.88755720240609,29.737365597970552
613_img_.png,30.127460823938165,34.2114659183683,30.791109756169128
614_img_.png,29.686092861865696,32.0702514512925,30.182041255723874
615_img_.png,30.186080163255497,33.490801961220484,30.347216637845683
616_img_.png,30.062490718845652,32.74283237332056,30.01647474160389
617_img_.png,29.9409464615626,33.642435215132394,30.566896429642547
618_img_.png,29.577895939007703,30.885832668436993,29.28739946421929
619_img_.png,30.66323172482882,37.419137044076265,31.442551612299162
61_img_.png,27.752423760324913,27.981294709145573,29.10345527460658
620_img_.png,30.495031154578346,35.8352069438604,31.062571092580555
621_img_.png,30.068682140928743,33.080976422552155,30.2933581074344
622_img_.png,24.918948870714015,24.16427718557562,28.10246345243176
623_img_.png,29.718090988363034,31.50750152552121,29.793662148589718
625_img_.png,30.122249534220863,32.249146460196826,30.165785055366882
626_img_.png,29.664074911662194,31.099985954633436,29.63986259414554
627_img_.png,30.399198938337246,35.49369447030236,30.9648316011231
628_img_.png,29.204799648855587,30.13728328421742,29.126860597626013
629_img_.png,28.963621796323253,29.467816770964447,28.835800656418783
62_img_.png,31.01891552139946,35.92997973538043,31.375232464086125
630_img_.png,29.381298277311462,30.43723794761138,29.104451831481306
631_img_.png,27.041278950429593,25.8369025949454,28.1686105639287
632_img_.png,27.990695608224687,27.887766932944476,29.003542590865973
633_img_.png,29.392898306646433,30.376586051895714,29.097540854588
634_img_.png,30.222954850238118,33.72604894517425,30.399486226687223
635_img_.png,30.333132890283125,34.55240171595791,30.65619620565117
636_img_.png,28.827807687768644,29.00232992663092,28.583241308698824
637_img_.png,28.919894879850034,29.36684208672824,28.94594652324261
638_img_.png,30.342486058234385,34.58881228980369,30.706270361754797
639_img_.png,29.69281420940147,31.26024972358676,29.536276646355986
63_img_.png,26.493246861761563,25.849210979167726,28.379364367208424
640_img_.png,30.31474399644925,34.73578392840232,30.743187243687935
641_img_.png,30.45541474948893,35.24684298117925,30.863005145928145
642_img_.png,29.729301530348963,31.579379290283626,29.593504452649398
645_img_.png,28.8216758849377,29.317912443613867,28.5675249924439
646_img_.png,28.877055520086135,29.565498952564752,28.84738704554936
647_img_.png,30.18297968605788,34.46672280882534,30.725646910829273
648_img_.png,29.511320268276386,31.10679315303142,29.561389796213202
649_img_.png,28.296465857589506,28.07104159388297,27.99567588469761
64_img_.png,28.228398506653964,28.14028429199262,29.106597521456234
650_img_.png,29.37279948050058,33.665449537345474,30.22269708066205
651.png,29.569582050099914,31.009847831412728,29.871085608661954
651_img_.png,26.2376543216929,25.626499940573176,28.754913740718425
652_img_.png,29.231115490243518,30.72224007198561,29.060827682708528
653_img_.png,27.10170253554856,26.40502287628764,27.619184430502933
654_img_.png,30.465605818945875,36.28814796007482,30.996338361329027
655_img_.png,29.88568458434795,32.90953342250044,30.208343788693078
656_img_.png,30.606613973700426,36.26550370334775,31.240898357228595
657_img_.png,28.726841614529018,29.152585406563098,29.326208625793022
658_img_.png,30.45922582184396,35.683459194946096,31.064955961789305
659_img_.png,29.999447598485936,33.20293606715307,30.206717588677222
65_img_.png,24.41010300835654,23.352021465014285,26.79822531730824
660_img_.png,30.48756179251881,35.429396584880685,31.081777189227623
661_img_.png,28.60593319463012,28.645449664170894,29.732817576916407
662_img_.png,30.188430373994912,33.747768981534996,30.586217185044966
663_img_.png,30.42770615064463,35.45449503804918,30.868366691584235
666_img_.png,30.49338213625141,35.5641282805944,30.913342152372188
668_img_.png,30.551097674085284,36.233182301934555,31.120829198613002
670_img_.png,30.504909053899173,35.456125374347714,30.950174844328483
672_img_.png,30.118567683606912,33.370839745690795,30.303167620435566
673_img_.png,29.132329625671257,30.075488013234526,29.80017845071306
674_img_.png,28.573844832994414,28.745813084639824,29.445726778398857
675_img_.png,28.812668764437813,29.307747095608295,29.70790918491392
676_img_.png,24.099963636721867,22.781004244934778,28.333051806047067
677_img_.png,26.126020205171624,24.93684384842279,27.374596616947127
6788.png,30.36696531139411,34.99335230083928,30.771386368286244
678_img_.png,28.53744834107107,29.334824752764945,29.17915673593972
679_img_.png,25.671529602617156,24.845406835856302,28.16863197018322
67_img_.png,24.860773258716932,23.914495674276427,27.371991997419343
680_img_.png,24.851230610596883,23.61365439453783,27.534967088681125
681_img_.png,26.3634580290311,25.56587101428256,28.121721348352242
6820.png,30.103441706338604,34.06072039083497,30.822323297637382
682_img_.png,25.454177320436727,24.682241079515318,27.926234495267437
683_img_.png,27.54289237466451,27.495279413919143,28.394842667418054
684_img_.png,25.148346960742586,23.450638823566123,27.686771543350122
685_img_.png,30.42952232067995,35.07621169962854,30.77537067862373
686_img_.png,30.307824140965586,34.13977914284488,30.545844038284162
6872.png,30.520359920177835,36.860421624497036,31.286186967499173
687_img_.png,30.447482875341706,35.59726777485368,31.175735126887552
688_img_.png,28.60170270123238,28.249656960347483,28.850710770251922
689_img_.png,29.941412715157675,32.54325627872949,29.985243599093486
690_img_.png,30.364347805171622,34.366097113608284,30.379961996515902
691_img_.png,28.2099089930299,28.194054872770245,28.72255083972702
692_img_.png,29.904474136353528,32.84379142370197,30.615289381763002
694_img_.png,29.426117930485624,30.290827700536344,29.808973746348045
695_img_.png,29.81678250747015,32.827721162298154,30.255733739835403
696_img_.png,29.8983620888539,32.82121033946123,30.2203644838147
697_img_.png,30.133164454941948,33.92677230898937,30.621864669161333
698_img_.png,26.409121322467698,25.723760723819563,28.425875837972825
699_img_.png,28.5978206591659,29.114771223778998,29.37784131905272
6_img_.png,29.588297339409376,31.712418103673098,29.945652947664144
700_img_.png,26.73952428912881,26.133209365213567,28.747337065504386
701_img_.png,30.389610017352474,35.284305661986124,30.968310398369216
7027.png,30.337657524782806,35.555153583265984,31.04780253829667
702_img_.png,30.414259951840656,35.90247919265225,31.083410938313634
703_img_.png,30.4859024614216,35.73187906595226,31.024398659363946
704_img_.png,29.872856501725487,35.56608473618873,31.016464905001047
705_img_.png,28.409287293046624,28.089539705655415,29.0741591768475
706_img_.png,28.760681538664528,30.03837386355165,29.96259283661515
707_img_.png,28.780517648140954,28.878720770131725,29.32741538905383
708_img_.png,23.045671179608576,20.942089562719985,28.127640288195863
709_img_.png,27.413067601145762,26.949618094200538,29.670306287118105
70_img_.png,29.79970104517525,32.4196245559203,30.27783011119807
710_img_.png,26.154069097898475,25.388497908047608,28.586366508808986
711_img_.png,30.528068331060673,36.0018666717158,31.01233843648498
712_img_.png,30.476733612724132,35.4928560598943,30.89779992922809
713_img_.png,30.5795175453655,36.52058597456781,31.188799614235432
714_img_.png,30.589292633940808,36.81691867293018,31.251524068995966
715_img_.png,30.52849892489066,36.110439300879186,31.075913213012246
716_img_.png,30.491679265200226,35.99387006220955,31.07041021573574
718_img_.png,30.459800893888715,35.01562673625871,30.836187701349495
719_img_.png,30.533223123956304,36.62607290976527,31.199991856530996
720_img_.png,28.253045820549954,27.974676291306334,29.25042776181568
721_img_.png,27.30819673736917,26.947315252046117,29.441509706666075
722_img_.png,25.358092283336223,23.96780996102113,28.450224740236468
723_img_.png,28.61664056749026,28.287468583385156,28.64853195868342
724_img_.png,30.043570374411253,33.10736807738527,30.54762336427347
725_img_.png,28.36095308552972,28.064986022015912,30.10948632920548
726_img_.png,25.351821294129753,24.291551711830223,28.20268966624323
727_img_.png,22.491252240399106,20.084037465138465,27.389732926673396
728_img_.png,30.311780910649645,33.17258871206702,30.298551874254258
729_img_.png,30.303966215364913,33.48059302032457,30.562545206869927
72_img_.png,29.392746782872234,31.76546290842508,30.29777445115306
730_img_.png,29.90905160155066,31.807927634838254,29.848287091322426
731_img_.png,29.332146711157925,30.163221390338908,29.256700494825537
732_img_.png,29.54196813486986,30.51232319672159,29.324142689798144
733_img_.png,30.612476445454586,36.7530656417834,31.26808205810445
734_img_.png,30.12398759787753,33.06210222813649,30.088135046874633
735_img_.png,26.123709913332615,24.738797715472742,28.40753952199843
736_img_.png,28.905312688169364,29.513416354000665,29.615769435258525
737_img_.png,24.128753786233048,22.647024555006638,27.099726873026956
738_img_.png,28.972102096488726,29.370081772381283,29.286942834359163
73_img_.png,26.764471639995293,26.595983673826574,28.59846472299802
740_img_.png,30.390138079308326,34.45585991961893,30.744420312215976
741_img_.png,29.520036485936036,30.504453165275653,29.27154322980215
743_img_.png,30.1664994551334,33.69280418221601,30.512246277765552
744_img_.png,25.20548090428936,23.96577133410034,28.167780925154542
745_img_.png,29.408366750665643,31.12149347397211,29.904437535341298
746_img_.png,29.27650384399481,29.60786894684697,29.2765373557776
747_img_.png,30.615055742156652,35.29840691304271,31.02620055216297
748_img_.png,30.637358404138272,36.03348446093809,31.17926488894657
749_img_.png,30.1584148894323,32.6242779689205,30.271422008900977
74_img_.png,29.761096103131944,32.13500468007997,29.76215809992199
750_img_.png,30.26637303045775,33.32965199450235,30.493383087253974
751_img_.png,30.05690052133891,32.8707622797553,30.25991652961164
752_img_.png,23.716810727880752,22.336469108392762,27.45075672875312
753_img_.png,29.167155016218782,30.12860927994444,29.42730032002232
754_img_.png,26.816530922692756,25.93547917446806,28.520839449278405
756.png,30.301849129718605,35.59870817152784,31.095655202307
756_img_.png,24.77043217110644,23.15945247235951,28.61128449641541
757_img_.png,29.76419589765858,30.829999163607546,29.50036980462491
758.png,30.03971202340749,34.69063172511121,30.97936311395177
758_img_.png,30.403076135046053,34.04137276236486,30.668555066473232
759_img_.png,29.90435081461229,32.137114770082086,30.11128795265488
760_img_.png,22.526520900558708,20.773768691938535,26.71196738409103
762_img_.png,25.80939728659317,23.720790160254204,26.208729033948725
763_img_.png,28.04695211659718,26.88264130838949,28.156974034598626
7643.png,29.982034297561142,33.41328983400703,30.27955581541853
764_img_.png,28.670791778193866,28.055060874690902,28.49829514004666
7654.png,29.375255900123886,31.006235328495023,29.540555278785696
765_img_.png,27.939113393210718,27.07580047350584,28.450451511990188
766_img_.png,29.31062304283445,29.221787815014686,28.32990308803901
767_img_.png,30.185338345567413,33.42380349471922,30.384417485370683
768_img_.png,30.544901865121265,36.07438810263638,31.0758375840334
769_img_.png,27.587573002654096,26.21430438672251,26.962338041050383
76_img_.png,30.012837252900972,32.40792442115709,29.93303438394839
770_img_.png,21.881899529730315,20.049334313749494,26.48278340508532
771_img_.png,30.16499159476373,33.2942539679277,30.53698698117071
772_img_.png,29.61888767893917,32.456927306984554,30.348525231260616
773_img_.png,29.14326138503202,30.023769083134063,29.832807429921374
775_img_.png,29.2022387198369,29.844216010131266,29.365462966822705
776_img_.png,30.208807871676328,33.62002693027433,30.446572877142835
777_img_.png,29.249716609696353,30.084225728879005,29.499149393024787
778_img_.png,29.657188752014108,31.091356291217153,29.694700195539912
779_img_.png,29.19527225637667,29.742162914124698,29.204724726114417
77_img_.png,27.479991275947228,26.8062221663578,27.617617545923633
780_img_.png,29.018835132723567,29.686455137044167,29.661145609495016
781_img_.png,30.161408232192027,33.16016938537028,30.326851510968055
782_img_.png,29.90406771932306,31.46368267851994,29.629047509396717
783_img_.png,27.940887964802172,27.112823983830275,28.793231868701078
784_img_.png,24.697046763996298,22.760759740744035,27.679232057930957
785_img_.png,28.429166425685718,28.3062369394974,28.916993189969077
786_img_.png,30.386459204676033,35.2681025630723,30.965453921534504
787_img_.png,25.32701450698756,24.60631010118394,28.48915749352154
788_img_.png,29.42916847329108,31.076880698985,29.896861882496584
789_img_.png,28.002502888107486,28.083919742439875,28.36405272730483
78_img_.png,27.93383526566151,28.05689721344625,28.464626661885614
790_img_.png,29.334478187283803,30.038032187304644,29.337426230272776
7916.png,29.958357607213667,33.275156626873354,30.316265596621307
791_img_.png,28.37611689425121,28.291609575668435,29.03467715848263
792_img_.png,28.508466942263585,28.328900432907133,28.68630540950603
793_img_.png,29.00457374767955,29.579772004300704,29.049724950137254
794_img_.png,29.582133686510023,30.676106577565683,29.459574326503297
795_img_.png,28.771023873329625,28.85067985845621,29.335608693009206
796_img_.png,30.569774477409958,34.72060748832848,31.047255246661113
797_img_.png,27.67196528554804,27.096776575581455,28.964844307618506
798_img_.png,30.452706353866734,34.792336650511665,31.02145083316682
799_img_.png,27.182995210596847,26.283952599769908,28.67121602673442
79_img_.png,23.145208097137115,21.710284908581393,26.152353274387927
7_img_.png,29.438893128733895,31.440250658414627,30.228647838872043
800_img_.png,29.673950857035877,31.38586078510684,29.937010099835987
8010.png,29.70450387658078,32.759418545561005,30.07687407136862
802_img_.png,29.799791025827858,32.02832020622901,29.808225040803464
803_img_.png,29.62870610565085,30.796973361094985,29.3313713616622
8046.png,30.293002928864105,35.34337424943877,30.88428752782964
804_img_.png,29.85236725145562,31.562673599057067,30.040687705456016
8056.png,29.734557106412247,32.2133553479541,29.74979051517056
806_img_.png,24.679253925155965,23.01732577933887,27.332240093586456
807_img_.png,28.407585662980374,28.072590920398575,28.517040633128428
808_img_.png,29.65067261943063,32.052188281599605,30.317203997833392
809_img_.png,29.264534452406057,30.05520821460495,30.132568717661012
80_img_.png,28.840097321943624,28.657623580964525,28.46440210213148
810_img_.png,27.06955374259969,26.87548377914585,30.329984322472384
811_img_.png,28.210575276492726,28.443636399363967,29.099138519413508
812_img_.png,27.590384635024453,26.793714254357795,27.99648364484967
813_img_.png,30.1049539138036,33.342635815463915,30.291626252591016
814_img_.png,29.4982875057065,31.30726085227437,29.84441839904836
815_img_.png,25.149156943578703,23.452267358249216,27.68959231313538
816_img_.png,29.428921500226224,30.29342575389929,29.735164391834473
817_img_.png,28.69413713355049,28.344468517396763,28.648440397506228
818_img_.png,30.420329541077532,34.996599352387165,30.920688126502714
819_img_.png,29.70104439733836,31.1040369635422,29.616794206568194
820_img_.png,25.646545725216047,24.479550999396167,28.080955619941843
821_img_.png,27.417135866738693,26.900222171126686,28.398819239558122
822_img_.png,29.808119007515536,32.31580612873495,30.142680167586136
823_img_.png,27.333223508195204,26.522342320467498,28.479723995901693
8262.png,30.301060293427202,35.39046973473761,30.933137431791245
827_img_.png,29.342748826654017,30.210128409540967,29.39350645848103
8288.png,30.374048632217733,35.87565689659699,31.018311084759457
828_img_.png,28.679979799550548,28.599120434268634,29.219786099208328
829_img_.png,23.04163494862798,20.938070230744255,28.1114308459609
82_img_.png,28.69173700505379,28.233748936860614,28.036746547860293
831_img_.png,28.256774642343693,27.97752773028659,29.25461599647823
832_img_.png,22.520528117144643,20.128288206938727,27.430556799349503
833_img_.png,24.893423940554676,23.79132340114201,27.99865825344203
834_img_.png,30.665148827816544,37.7322813095264,31.487799167301457
835_img_.png,29.481577165822806,31.683563406327494,30.283082345276434
837.png,30.114120530960584,33.490213793401935,30.626008440080724
837_img_.png,30.517339504435718,36.24573097697039,31.326425724775216
838_img_.png,25.222182841743322,24.22695098395209,27.18923404282023
841.png,30.56172559153596,37.4188200252467,31.418639365311275
841_img_.png,28.099822043255386,27.920451485078704,29.40434707449823
842_img_.png,29.484022436096847,31.343130654289567,29.97524944844171
843_img_.png,28.64341046270244,29.16327511816219,28.799209009181116
844_img_.png,27.548524896269537,27.436410327432817,28.91879224917327
845_img_.png,29.58194056753261,31.002655475273432,29.61514349151922
846_img_.png,26.420182893622247,25.39053927833567,28.73919062535855
847_img_.png,29.016042487040828,29.951946878800534,30.084983572082137
848_img_.png,28.768220552399587,29.142371831016618,28.76869048188005
849_img_.png,26.272363251291118,26.611732385366697,28.806531471868723
850_img_.png,30.176832147204465,34.49798891042392,31.035540086966652
851_img_.png,27.71483420122053,27.178941625219718,28.77448625330902
852_img_.png,27.13493405021627,27.01330102501712,29.316583775222796
854_img_.png,29.31337344252027,30.91669810004616,29.93901921697324
855_img_.png,30.19389335065648,34.070293785069914,30.681501096203686
856_img_.png,26.95196920685124,26.774948528355278,28.6146351256494
857_img_.png,25.735368568500743,24.384887149768026,27.47433420146986
858_img_.png,30.514207512031998,36.30807708019142,31.18233908253702
859_img_.png,29.84567949927651,32.59587128391792,30.462334035467507
860_img_.png,27.89953915051402,27.514890240920717,28.61718568297135
861_img_.png,30.148154783221784,34.10135636874124,30.418213967983352
862_img_.png,29.186979243847606,31.2682994848633,30.138950548974933
863_img_.png,27.0561471698714,26.433118361448575,28.623998844249673
865_img_.png,28.01076254856149,28.211657547921863,28.797720300727008
866_img_.png,24.219929662100657,22.745540540714995,26.12810263203866
867_img_.png,30.331912250673824,35.02916740969443,30.75730929645001
868_img_.png,27.755189030947008,27.238261273732917,28.61520424197629
869_img_.png,26.43363526873495,25.197207031509823,27.510583662472854
86_img_.png,30.158090240345295,33.94485722471612,30.628524454627303
871_img_.png,29.676994338323833,31.541996409813304,29.776560140711737
872_img_.png,29.951923424107278,33.601728795987675,30.529294283663496
873_img_.png,30.21124071787964,35.32059527295988,31.017983095803856
874_img_.png,29.638689960885575,32.091286155581656,30.140540657163704
875_img_.png,27.226618736596826,26.259557554723365,27.637543515865787
876_img_.png,27.894283187069,27.674478444604503,29.14051891053429
877_img_.png,29.519510871607892,30.84043947393689,29.563594319523638
878_img_.png,27.184070204167334,26.974119076539825,28.203784564629938
879_img_.png,30.08805830658437,33.87637946365592,30.46761086643276
87_img_.png,28.847918122476685,29.671282314909654,29.123325070808544
880_img_.png,28.862409905381803,29.729112392737235,29.301170506035973
881_img_.png,29.77712100940391,34.18358442929817,30.64598996024025
887_img_.png,25.04042753424463,23.494329378339465,27.966507840374597
889_img_.png,30.280630368406985,33.823147543766964,30.495058675287382
890.png,30.594866361874683,37.21662245851931,31.360151765496568
890_img_.png,30.060471966615403,32.863662798484285,30.357287243136874
891_img_.png,30.010950002690553,32.75708798638774,30.205271689556618
892_img_.png,30.500274514146216,35.81930516930526,31.09346385648227
893_img_.png,29.948163180277504,33.6949886270553,30.29281514149739
895_img_.png,30.145466045836436,33.228046095634326,30.388312104726722
896_img_.png,30.552406021845343,36.47394181161641,31.259050733671362
89_img_.png,28.594342047534692,29.519076329524076,29.584261666988475
8_img_.png,30.285542472076386,34.79850421293967,30.812962220871324
901_img_.png,28.47576743375251,28.030905787777577,28.247415727322334
904_img_.png,30.52874166533757,34.953006366231996,31.035353499796237
905_img_.png,30.905490204436173,37.94921520283831,31.72654126229822
906_img_.png,30.476795573529717,35.953094171288456,31.149220844889406
907_img_.png,30.564965055472353,36.66292893315668,31.26958730027233
908_img_.png,30.376582454940095,34.96150496390249,30.7921622033377
909_img_.png,30.53598835980475,36.1169895937735,31.11468461053566
90_img_.png,28.40247227292441,28.901004967205267,28.75836592641599
910_img_.png,30.483841746239882,36.06951814401388,31.17785288053218
911_img_.png,30.396282211244824,34.62013012507275,30.811323008676045
912_img_.png,30.328951881711696,35.52251913029482,31.007206597671292
913_img_.png,24.943890560165578,23.67022011371647,26.937108101407702
914_img_.png,25.39913664796234,24.429334838790343,28.13443783811322
915_img_.png,26.370582292580753,25.84135708872864,27.52602186134674
916_img_.png,23.713100650161827,22.486556773147292,26.644046991805435
917_img_.png,29.098739638273567,29.73876516950419,28.940208913745444
918_img_.png,27.745333583364804,27.275017854378817,28.059463641978304
919_img_.png,26.472549904041628,25.445484776932112,26.288279390235108
91_img_.png,28.91124364020143,29.894714534920517,29.753455046574867
920_img_.png,25.391052287996473,24.162649281242572,26.281483556076562
921_img_.png,28.055831412289077,28.305116544335146,27.745273328493234
922_img_.png,29.95506941547586,32.99128202030536,30.340360004679525
923_img_.png,22.592597575673224,21.006897407538045,24.890987022253288
924_img_.png,19.989119302912872,18.713141711570923,24.878628566528388
925_img_.png,20.03315375851652,18.74247634295361,25.481987413073153
926_img_.png,22.631627013235605,21.262461746808505,25.437383038945846
927_img_.png,26.781690943996125,26.038947037972516,27.40722132294159
928_img_.png,23.335290572850134,22.211348542455355,27.708034519786548
929_img_.png,25.29208815700809,24.139106841493145,27.282149704376106
92_img_.png,28.044947931613777,28.25115412359775,28.46585026506694
94_img_.png,26.91843637427379,26.457591831147532,28.50443222073302
9547.png,28.340897357306694,27.679424545451283,29.764562781016053
9554.png,29.905191186959755,32.12844862461606,30.403789707388242
9557.png,30.35734335931826,34.69183192269708,30.879709692197395
9567.png,30.076246747455457,33.41796726762244,30.66558544892733
95_img_.png,28.550245367492295,28.882827120921295,28.621066712729935
96_img_.png,26.208772688216012,24.419564421480594,26.68900927846634
97_img_.png,29.523784627687327,31.18426565087203,29.587734029515104
9896.png,29.418593423697445,30.48605095679346,29.558691557747153
98_img_.png,28.283171726517402,28.5678237738451,29.203689633597726
9900.png,29.673991921353107,31.936614984748026,30.085132604553344
9907.png,29.301476317901592,30.689671483051654,30.339184624578728
9947.png,29.736527729409566,32.05157483915447,30.228495901076396
99_img_.png,28.495239010200038,29.69696812248719,29.508794878024972
9_img_.png,29.66581953760535,32.07653713775503,30.16575524778519
